epoch,lr,train_loss,val_loss,acc,f1_macro,f1_micro,f1_mean
1,5.095e-06,1.6221282033418556,1.605538224431293,0.0631936985320444,0.0237750463040916,0.0631936985320444,0.043484372418068004
2,1.0090000000000002e-05,1.6120871684043032,1.5858088070630088,0.1079484425349087,0.054694309376890016,0.1079484425349087,0.08132137595589936
3,1.5085000000000002e-05,1.5952606865031271,1.5628684462930753,0.5687432867883996,0.24871178917597928,0.5687432867883996,0.4087275379821894
4,2.008e-05,1.5776158985076159,1.5368707716529018,0.5955961331901182,0.26197777798386096,0.5955961331901182,0.42878695558698954
5,2.5075000000000003e-05,1.5123051155166312,1.4413406304292171,0.5429645542427497,0.31763004033486875,0.5429645542427497,0.4302972972888092
6,3.0070000000000005e-05,1.4175023266084597,1.3393069717818333,0.6206587898317222,0.3087935655142083,0.6206587898317222,0.4647261776729652
7,3.5065000000000004e-05,1.3290628130653472,1.2116894531198783,0.6408879341210169,0.3701828842029721,0.6408879341210169,0.5055354091619945
8,4.0060000000000006e-05,1.2315331980827384,1.121856959071844,0.6290726817042607,0.38830449333942946,0.6290726817042607,0.5086885875218451
9,4.5055e-05,1.1740351436052052,1.0950314787353532,0.6330110991765127,0.4014252731723805,0.6330110991765127,0.5172181861744466
10,5.005000000000001e-05,1.124881825544455,1.0452146352169722,0.6188686000716076,0.4668813052673982,0.6188686000716076,0.5428749526695029
11,5.5045e-05,1.0936162820249458,1.018471032797202,0.6095596133190118,0.4727490296777422,0.6095596133190118,0.541154321498377
12,6.004000000000001e-05,1.059941660289421,0.9929768025896433,0.6210168277837451,0.4833431610027266,0.6210168277837451,0.5521799943932358
13,6.5035e-05,1.0472654013215938,0.972290483483097,0.6462585034013606,0.5002139682017945,0.6462585034013606,0.5732362358015776
14,7.003e-05,0.9823537664794308,0.9666042908775393,0.6630862871464375,0.5173625461472604,0.6630862871464375,0.5902244166468489
15,7.502500000000001e-05,0.936835036600587,0.9100774930362585,0.6756176154672395,0.5459880629691487,0.6756176154672395,0.6108028392181941
16,8.002000000000001e-05,0.9190548489168369,0.9213099031520069,0.6258503401360545,0.5258139272822364,0.6258503401360545,0.5758321337091454
17,8.5015e-05,0.9106905868794283,0.8664012145193682,0.6949516648764769,0.5558703268026408,0.6949516648764769,0.6254109958395588
18,9.001e-05,0.8857464332262067,0.9170225894967587,0.6548514142499104,0.5277692599172914,0.6548514142499104,0.5913103370836009
19,9.5005e-05,0.8656099302381856,0.823068157750733,0.6892230576441103,0.5890561974864861,0.6892230576441103,0.6391396275652982
20,0.0001,0.8470162937619798,0.7990286299672726,0.6765127103472968,0.5678229777705271,0.6765127103472968,0.622167844058912
21,9.978031724785246e-05,0.8457981386291179,0.8494051379880895,0.6894020766201218,0.5789891212463255,0.6894020766201218,0.6341955989332236
22,9.91232189110701e-05,0.8332210851020226,0.812551709835648,0.6759756534192625,0.5682891032457253,0.6759756534192625,0.6221323783324939
23,9.803453744100869e-05,0.7962283359999964,0.9402262607954157,0.6632653061224489,0.555138536832624,0.6632653061224489,0.6092019214775365
24,9.652393605146844e-05,0.7870927875328083,0.8335152757112331,0.717687074829932,0.5838759684172863,0.717687074829932,0.6507815216236091
25,9.460482294732421e-05,0.7747322595187829,0.8169565556342142,0.6881489437880415,0.5978289300204438,0.6881489437880415,0.6429889369042426
26,9.229423231234974e-05,0.7760439901425797,0.797901837193236,0.6834944504117436,0.5870553326947118,0.6834944504117436,0.6352748915532277
27,8.961267311259666e-05,0.7588838028147503,0.7833989902802619,0.707124955245256,0.6118379519011926,0.707124955245256,0.6594814535732243
28,8.658394705735987e-05,0.7534757856271742,0.8120546282255389,0.6552094522019334,0.5713799425163855,0.6552094522019334,0.6132946973591594
29,8.323493733352077e-05,0.7232848085780077,0.8104154507489858,0.6505549588256355,0.590654448328348,0.6505549588256355,0.6206047035769917
30,7.959536998847741e-05,0.7147951218194735,0.7532480980305957,0.6838524883637666,0.6106718256362864,0.6838524883637666,0.6472621570000265
31,7.569755007964339e-05,0.6990162497638349,0.7253573748572856,0.7076620121732904,0.6097830796200963,0.7076620121732904,0.6587225458966933
32,7.157607493247111e-05,0.693761488451419,0.8039117256373519,0.6924453992123165,0.5912514395219863,0.6924453992123165,0.6418484193671514
33,6.726752705214194e-05,0.6782913079457005,0.760854449039115,0.7280701754385965,0.6272230548498109,0.7280701754385965,0.6776466151442038
34,6.281014941466031e-05,0.6728593232274092,0.779805537175842,0.6784819190834228,0.6140432271568084,0.6784819190834228,0.6462625731201156
35,5.824350601949144e-05,0.6574692213371023,0.7440419009710955,0.6944146079484426,0.6156730842194496,0.6944146079484426,0.6550438460839461
36,5.360813071670102e-05,0.6477181994211096,0.7099597437211872,0.7228786251342643,0.6396280426399272,0.7228786251342643,0.6812533338870957
37,4.894516742563266e-05,0.6391289178280148,0.7763676502949612,0.6720372359470104,0.6093948041001738,0.6720372359470104,0.6407160200235921
38,4.4296004938566934e-05,0.6337164469305364,0.7487710738455229,0.7040816326530612,0.6323965602039325,0.7040816326530612,0.6682390964284969
39,3.970190955087115e-05,0.625426164444226,0.7406287597918485,0.7230576441102757,0.6304733733597383,0.7230576441102757,0.6767655087350071
40,3.52036587784401e-05,0.6137275847855282,0.7318229142841881,0.7098102398854279,0.6190102877541948,0.7098102398854279,0.6644102638198113
41,3.0841179413578366e-05,0.6173594483618356,0.7073868344515573,0.72359470103831,0.6406511463740362,0.72359470103831,0.6821229237061731
42,2.665319313196509e-05,0.6073632072411892,0.7490569999300789,0.6811672037235947,0.624208817270125,0.6811672037235947,0.6526880104968599
43,2.2676872796319533e-05,0.5824159800724512,0.7483565428758069,0.6919083422842821,0.626288279472819,0.6919083422842821,0.6590983108785505
44,1.894751250743986e-05,0.5795954219916735,0.7155148448843364,0.7191192266380236,0.6471005331691109,0.7191192266380236,0.6831098799035673
45,1.5498214331265904e-05,0.5703838476651679,0.7453812849039336,0.6979949874686717,0.6311579080185107,0.6979949874686717,0.6645764477435911
46,1.2359594482598438e-05,0.569037181104816,0.7144231413198636,0.7146437522377372,0.6412529478244414,0.7146437522377372,0.6779483500310893
47,9.559511573409185e-06,0.5702050871178006,0.706370288950971,0.7166129609738632,0.651261402727916,0.7166129609738632,0.6839371818508896
48,7.122819337828752e-06,0.5640088087499603,0.7323440049141059,0.698532044396706,0.6396302990195247,0.698532044396706,0.6690811717081153
49,5.0711460286429456e-06,0.5550218543684011,0.7424262663475553,0.6838524883637666,0.6305793964344,0.6838524883637666,0.6572159423990833
50,3.4227024433899053e-06,0.5517458038878817,0.7054846067177621,0.7151808091657715,0.6484373809041954,0.7151808091657715,0.6818090950349835
51,2.1921202840320073e-06,0.5539852360486625,0.7265058350614267,0.7017543859649122,0.6384684815435333,0.7017543859649122,0.6701114337542228
52,1.3903222849333505e-06,0.5371034115376025,0.7342460628610933,0.7017543859649122,0.6371099902608321,0.7017543859649122,0.6694321881128722
53,1.0244252618962857e-06,0.5425988519087415,0.7211682296038272,0.7078410311493019,0.6424602149467913,0.7078410311493019,0.6751506230480466
54,9.990232305719945e-05,0.544575827064894,0.7206647412733412,0.7042606516290727,0.6419420186401308,0.7042606516290727,0.6731013351346018
55,9.939057285945933e-05,0.6370352618519947,0.7422789984435707,0.6970998925886144,0.631247038831479,0.6970998925886144,0.6641734657100467
56,9.844486647586725e-05,0.6445459616806603,0.7704484044886643,0.6659505907626209,0.6152268849074026,0.6659505907626209,0.6405887378350117
57,9.707359806323417e-05,0.634672933343838,0.8128580672528383,0.6693519513068386,0.608734713750702,0.6693519513068386,0.6390433325287703
58,9.528893909706796e-05,0.6426061712368047,0.7232923267393867,0.7157178660938059,0.6244834450645642,0.7157178660938059,0.6701006555791851
59,9.310673033669521e-05,0.6173362441255273,0.8342735252626217,0.5776942355889725,0.5526911768946026,0.5776942355889725,0.5651927062417875
60,9.054634122155989e-05,0.6100693870005671,0.8514866899769664,0.611170784103115,0.5781050607485957,0.611170784103115,0.5946379224258553
61,8.763049794670775e-05,0.6028633240470583,0.7414078717371746,0.7024704618689581,0.6430355975712156,0.7024704618689581,0.6727530297200869
62,8.438508174347009e-05,0.6069057160682475,0.7641296446899595,0.6704260651629073,0.6171776234925223,0.6704260651629073,0.6438018443277147
63,8.083889915582235e-05,0.5912444669947803,0.8552535240512743,0.5780522735409953,0.5711257326822893,0.5780522735409953,0.5745890031116423
64,7.702342635146033e-05,0.5810197856198157,0.7445709661604297,0.6969208736126029,0.6307294897185818,0.6969208736126029,0.6638251816655923
65,7.297252973710757e-05,0.5661408398283546,0.8521740972632966,0.7022914428929466,0.6293171744702264,0.7022914428929466,0.6658043086815866
66,6.872216535789156e-05,0.5731508553166011,0.8386149270279281,0.6399928392409595,0.6030024992452558,0.6399928392409595,0.6214976692431077
67,6.431005974894185e-05,0.5596469087795453,0.7340366100052801,0.7022914428929466,0.640170841876943,0.7022914428929466,0.6712311423849449
68,5.977537507199338e-05,0.5525576025532376,0.7610451513151093,0.6659505907626209,0.6236463204163397,0.6659505907626209,0.6447984555894803
69,5.5158361509266474e-05,0.5462102203610892,0.7458963956919956,0.694593626924454,0.6383002687380246,0.694593626924454,0.6664469478312394
70,5.05e-05,0.5361201094257173,0.8225304522140454,0.675796634443251,0.6139148192022856,0.675796634443251,0.6448557268227684
71,4.584163849073355e-05,0.5239398811631202,0.7738867807337088,0.6774078052273541,0.6299755812518129,0.6774078052273541,0.6536916932395835
72,4.1224624928006624e-05,0.5205107588557432,0.7579799608820619,0.6872538489079842,0.6299387242000598,0.6872538489079842,0.658596286554022
73,3.6689940251058145e-05,0.48663040522226275,0.744776393301889,0.7359470103831006,0.6580944714373109,0.7359470103831006,0.6970207409102058
74,3.2277834642108434e-05,0.49295418164869415,0.7380964676411059,0.713390619405657,0.6439437017447839,0.713390619405657,0.6786671605752204
75,2.8027470262892413e-05,0.48845786844960953,0.7386078825570587,0.709452201933405,0.6558677903046004,0.709452201933405,0.6826599961190027
76,2.3976573648539656e-05,0.4788999048568224,0.7595771207439826,0.6962047977085571,0.6417578724410642,0.6962047977085571,0.6689813350748106
77,2.0161100844177676e-05,0.4857780335954636,0.7285119694832017,0.7194772645900466,0.6547293311628255,0.7194772645900466,0.687103297876436
78,1.6614918256529944e-05,0.46805037172396363,0.7575794932793598,0.6970998925886144,0.6385001546733717,0.6970998925886144,0.6678000236309931
79,1.3369502053292252e-05,0.4544131465390371,0.7759784338852431,0.6947726459004655,0.6401915334528101,0.6947726459004655,0.6674820896766378
80,1.0453658778440117e-05,0.45365818313592493,0.7877136032896318,0.688327962764053,0.6375837768367396,0.688327962764053,0.6629558698003963
81,7.893269663304784e-06,0.450241428447578,0.7578265107621269,0.7028284998209811,0.6403848086343584,0.7028284998209811,0.6716066542276697
82,5.711060902932041e-06,0.44029918658087014,0.7523461942855406,0.7141066953097028,0.6516350507060775,0.7141066953097028,0.6828708730078902
83,3.92640193676584e-06,0.44739572906647634,0.7609159332682401,0.7151808091657715,0.648130492801642,0.7151808091657715,0.6816556509837068
84,2.5551335241327673e-06,0.4331279775648095,0.7556115498774972,0.7141066953097028,0.6477486551177429,0.7141066953097028,0.6809276752137229
85,1.6094271405406804e-06,0.43485193403178973,0.7732561412055647,0.7085571070533476,0.6457796718099332,0.7085571070533476,0.6771683894316405
86,1.0976769428005576e-06,0.4290239749786036,0.7495832950399633,0.717329036877909,0.6539929434459878,0.717329036877909,0.6856609901619484
87,9.997557473810371e-05,0.4328672040481345,0.7377789625014364,0.7191192266380236,0.6541353321821284,0.7191192266380236,0.6866272794100761
88,9.960967771506666e-05,0.5286323194136359,0.8314919671276501,0.6867167919799498,0.6170868941636722,0.6867167919799498,0.6519018430718111
89,9.8807879715968e-05,0.543458337048004,0.7981810385165913,0.744718940207662,0.6598006376899572,0.744718940207662,0.7022597889488096
90,9.757729755661012e-05,0.5453599963961875,0.7396705430167745,0.7368421052631579,0.667091127327409,0.7368421052631579,0.7019666162952835
91,9.592885397135708e-05,0.5439088311716772,0.7803542484871768,0.7200143215180809,0.6405276049347208,0.7200143215180809,0.6802709632264008
92,9.387718066217125e-05,0.5395283926397895,0.7282175364628344,0.763515932688865,0.675959221379204,0.763515932688865,0.7197375770340344
93,9.144048842659082e-05,0.5322571356715529,0.807932595283892,0.6877909058360187,0.6222130751249899,0.6877909058360187,0.6550019904805042
94,8.86404055174016e-05,0.5227423834256298,0.9301225806580109,0.6247762262799856,0.5933025964090738,0.6247762262799856,0.6090394113445297
95,8.55017856687341e-05,0.517028592983346,0.7427268013427474,0.7230576441102757,0.6573081241164014,0.7230576441102757,0.6901828841133386
96,8.205248749256012e-05,0.4985429619222253,0.8528665592283746,0.6618331543143573,0.621845555125797,0.6618331543143573,0.6418393547200771
97,7.832312720368045e-05,0.5066436138830366,0.810011585724213,0.6677407805227354,0.6123277463499223,0.6677407805227354,0.6400342634363289
98,7.434680686803492e-05,0.4874960461225012,0.7854481113563078,0.7622627998567848,0.6709391153459796,0.7622627998567848,0.7166009576013822
99,7.015882058642162e-05,0.4693174471546738,0.9918209663267167,0.6802721088435374,0.6085736598493844,0.6802721088435374,0.6444228843464609
100,6.579634122155984e-05,0.4815872251094077,0.8218380700846193,0.7337987826709631,0.6586369369211946,0.7337987826709631,0.6962178597960789
101,6.129809044912883e-05,0.4645873125308645,0.8025875110119165,0.694593626924454,0.645262875032999,0.694593626924454,0.6699282509787265
102,5.670399506143308e-05,0.4556694196246901,0.8561874359814104,0.7074829931972789,0.6476507776993824,0.7074829931972789,0.6775668854483307
103,5.2054832574367386e-05,0.4319613155207276,0.789193235169676,0.7330827067669173,0.6609353285983269,0.7330827067669173,0.6970090176826221
104,4.739186928329899e-05,0.4373044933355163,0.849091942255701,0.7132116004296455,0.6417816978191043,0.7132116004296455,0.6774966491243749
105,4.275649398050861e-05,0.4310144741834259,0.8096792896908754,0.7073039742212675,0.6462042025527543,0.7073039742212675,0.6767540883870109
106,3.818985058533969e-05,0.4093543620983032,0.8320988396824879,0.7361260293591121,0.6684522882849323,0.7361260293591121,0.7022891588220221
107,3.3732472947858104e-05,0.4116377434060435,0.8287099681359826,0.7248478338703903,0.6580365196364344,0.7248478338703903,0.6914421767534124
108,2.9423925067528905e-05,0.40347422436801567,0.8413801626240613,0.7241317579663444,0.6651332774205307,0.7241317579663444,0.6946325176934376
109,2.530244992035664e-05,0.38470142353661474,0.8282047833885893,0.6915503043322592,0.6456146273288137,0.6915503043322592,0.6685824658305364
110,2.1404630011522562e-05,0.38836718454601754,0.8116097412910079,0.746688148943788,0.6765926367583109,0.746688148943788,0.7116403928510495
111,1.776506266647924e-05,0.3832751130832296,0.7978276790703577,0.7185821697099892,0.6569007567674361,0.7185821697099892,0.6877414632387127
112,1.4416052942640107e-05,0.38008883975303076,0.8374843124288237,0.6892230576441103,0.6470929489384466,0.6892230576441103,0.6681580032912784
113,1.1387326887403323e-05,0.37473828204260207,0.8038152684415919,0.7284282133906194,0.6670227315320366,0.7284282133906194,0.697725472461328
114,8.705767687650265e-06,0.37191792314362687,0.8116722007485816,0.726279985678482,0.6624691019709783,0.726279985678482,0.6943745438247302
115,6.395177052675822e-06,0.36584229800749346,0.804840181853837,0.726279985678482,0.6653451988616492,0.726279985678482,0.6958125922700655
116,4.476063948531569e-06,0.3604480499305568,0.7934625471658362,0.7339778016469746,0.669085945091259,0.7339778016469746,0.7015318733691167
117,2.9654625589913184e-06,0.35594968785703357,0.8094141541993879,0.7252058718224131,0.6648111934730356,0.7252058718224131,0.6950085326477244
118,1.8767810889299138e-06,0.3571523746342357,0.8035818876393841,0.7212674543501612,0.6582688063520605,0.7212674543501612,0.6897681303511108
119,1.2196827521475456e-06,0.34708365476919295,0.8081325238168432,0.7271750805585392,0.6652429291978943,0.7271750805585392,0.6962090048782168
120,0.0001,0.3490097962590413,0.8047380410468241,0.7212674543501612,0.661378059894189,0.7212674543501612,0.6913227571221751
